Sex,geo_mean,lower,upper
Male,0.2149495,0.202086,0.2286319
Female,0.2624578,0.2455098,0.2805757