Sex,geo_mean,lower,upper
Male,8.991521,8.758814,9.23041
Female,10.19653,9.970347,10.42783