Sex,geo_mean,lower,upper
Male,0.9207872,0.8686638,0.9760383
Female,0.7351077,0.6835265,0.7905814