Sex,lbxbpb,lower,upper
Male,0.920790103,0.78413148,1.081265623
Female,0.872233889,0.775808966,0.980643419